{
  "model": "FlatMLP",
  "device": "mps",
  "train_spearman": 0.8513145579087041,
  "oof_spearman": 0.827750443200502,
  "oof_rmse": 1.3813761269985867,
  "holdout_spearman": 0.8346048507150527,
  "holdout_rmse": 1.3822811849062715,
  "gap": 0.02356411470820219,
  "ratio": 0.9723203198050687,
  "fold_std": 0.013819975054123095,
  "fold_train_sps": [
    0.8496596164161161,
    0.8549103639764561,
    0.8480005351315271,
    0.8480724485864828,
    0.8559298254329388
  ],
  "fold_oof_sps": [
    0.8227518172037631,
    0.8463794918162945,
    0.8330611192916227,
    0.8425629273009255,
    0.8083467852642323
  ],
  "ensemble_pass": true,
  "verdict": "NORMAL"
}