{
  "model": "ResidualMLP",
  "device": "mps",
  "train_spearman": 0.7900185301094373,
  "oof_spearman": 0.7629274305334512,
  "oof_rmse": 1.737405576985043,
  "holdout_spearman": 0.7100324221346914,
  "holdout_rmse": 1.908121293930277,
  "gap": 0.0270910995759861,
  "ratio": 0.9657082732322325,
  "fold_std": 0.030310018279008515,
  "fold_train_sps": [
    0.8104843079062375,
    0.7988401951701661,
    0.787630821862412,
    0.7770627533675633,
    0.7760745722408076
  ],
  "fold_oof_sps": [
    0.7710884783231691,
    0.7904595816896564,
    0.7826282133283491,
    0.7884160531192875,
    0.7092683466681622
  ],
  "ensemble_pass": false,
  "verdict": "NORMAL"
}