{
  "model": "TabNet",
  "device": "mps",
  "train_spearman": 0.948050452685879,
  "oof_spearman": 0.8554162420382495,
  "oof_rmse": 1.2814358332614282,
  "holdout_spearman": 0.857613401278032,
  "holdout_rmse": 1.3268678051994767,
  "gap": 0.09263421064762944,
  "ratio": 0.9022897880748945,
  "fold_std": 0.012005032319922518,
  "fold_train_sps": [
    0.9483428645456489,
    0.9486625272698093,
    0.941241978003833,
    0.9509431039653251,
    0.9510617896447779
  ],
  "fold_oof_sps": [
    0.8495048413836952,
    0.8710549551451883,
    0.862618895208791,
    0.8589417974489504,
    0.8359998009776138
  ],
  "ensemble_pass": true,
  "verdict": "WARNING"
}