{
  "model": "XGBoost",
  "train_spearman": 0.9832956516730178,
  "oof_spearman": 0.843310417744235,
  "oof_rmse": 1.2100154569225061,
  "holdout_spearman": 0.8526481356482943,
  "holdout_rmse": 1.2228318022097235,
  "gap": 0.13998523392878282,
  "ratio": 0.8576366795779007,
  "fold_std": 0.014241672479724441,
  "fold_train_sps": [
    0.9837406136618565,
    0.9840075863648488,
    0.9830739430768248,
    0.9824838120691008,
    0.9831723031924586
  ],
  "fold_oof_sps": [
    0.8368266241631652,
    0.8521475368573144,
    0.8408269791296502,
    0.8629279438779393,
    0.8208437235973757
  ],
  "ensemble_pass": true,
  "verdict": "OVERFITTING"
}