{
  "model": "LightGBM-DART",
  "train_spearman": 0.8940573909819027,
  "oof_spearman": 0.8415451053815295,
  "oof_rmse": 1.2977126203536242,
  "holdout_spearman": 0.8573267310466262,
  "holdout_rmse": 1.2969932916926854,
  "gap": 0.05251228560037324,
  "ratio": 0.9412651960265086,
  "fold_std": 0.016137623690877425,
  "fold_train_sps": [
    0.892114693039303,
    0.8914868293477982,
    0.8944876874420034,
    0.8938785052398572,
    0.8983192398405525
  ],
  "fold_oof_sps": [
    0.8395400660242301,
    0.8603894773790255,
    0.8345698894404878,
    0.8555424257248353,
    0.8150923488858068
  ],
  "ensemble_pass": true,
  "verdict": "WARNING"
}