{
  "model": "Stacking",
  "train_spearman": 0.9789692901862427,
  "oof_spearman": 0.862639529546476,
  "oof_rmse": 1.1353243950498229,
  "holdout_spearman": 0.872127963549762,
  "holdout_rmse": 1.1314520866089781,
  "gap": 0.11632976063976663,
  "ratio": 0.8811711850351959,
  "fold_std": 0.013743499681781872,
  "fold_train_sps": [
    0.9792222292103331,
    0.9763245771315383,
    0.9819572837859845,
    0.9745356473165365,
    0.9828067134868212
  ],
  "fold_oof_sps": [
    0.863784141571146,
    0.8730928218620965,
    0.8596075114656194,
    0.8757124563077715,
    0.8370088866759998
  ],
  "ensemble_pass": true,
  "verdict": "OVERFITTING"
}