{
  "model": "FT-Transformer",
  "device": "mps",
  "train_spearman": 0.8403066418479541,
  "oof_spearman": 0.8056930796810168,
  "oof_rmse": 1.49127903631823,
  "holdout_spearman": 0.8302734914429816,
  "holdout_rmse": 1.3819631474805723,
  "gap": 0.03461356216693734,
  "ratio": 0.958808415353213,
  "fold_std": 0.026557416514314407,
  "fold_train_sps": [
    0.8352611212518268,
    0.8493753300471034,
    0.8493671244432293,
    0.845909040830578,
    0.8216205926670329
  ],
  "fold_oof_sps": [
    0.8014359380461277,
    0.8384553933834431,
    0.8297714829853535,
    0.8313591283062899,
    0.7668685783107919
  ],
  "ensemble_pass": false,
  "verdict": "NORMAL"
}