{
  "model": "CrossAttention",
  "device": "mps",
  "train_spearman": 0.8530963684884876,
  "oof_spearman": 0.8237571155974409,
  "oof_rmse": 1.3731938017276475,
  "holdout_spearman": 0.8374989706257647,
  "holdout_rmse": 1.3604571039789055,
  "gap": 0.029339252891046663,
  "ratio": 0.9656085127369258,
  "fold_std": 0.012714870385201,
  "fold_train_sps": [
    0.8541825791661932,
    0.8514254547206166,
    0.8557320680882867,
    0.8471577498571067,
    0.8569839906102348
  ],
  "fold_oof_sps": [
    0.8228072756855532,
    0.8409664150833462,
    0.8375648296836253,
    0.84017103014983,
    0.8081898263622386
  ],
  "ensemble_pass": true,
  "verdict": "NORMAL"
}