{
  "model_id": 4,
  "model_name": "CatBoost",
  "stage": "step5_multiseed",
  "seeds": [
    42,
    123,
    456,
    789,
    2026
  ],
  "seed_results": [
    {
      "seed": 42,
      "train_spearman": 0.9569974864611718,
      "oof_spearman": 0.8707117591446727,
      "oof_rmse": 1.1063984209756248,
      "oof_mae": 0.8314085683199273,
      "gap": 0.08628572731649908,
      "fold_scores": [
        0.8880110882499754,
        0.8719691946198478,
        0.8525387470746092,
        0.8657007084611715,
        0.8746729327070544
      ],
      "fold_mean": 0.8705785342225317,
      "fold_std": 0.011591540706144361,
      "top30_indices": [
        2539,
        5561,
        842,
        5330,
        4173,
        2617,
        5640,
        996,
        4484,
        764,
        5409,
        2637,
        148,
        862,
        1916,
        3558,
        1766,
        883,
        4867,
        5957,
        3001,
        1459,
        5494,
        381,
        6102,
        1307,
        6255,
        6024,
        4714,
        4946
      ]
    },
    {
      "seed": 123,
      "train_spearman": 0.9561624892451446,
      "oof_spearman": 0.8707413970272113,
      "oof_rmse": 1.1054131749683869,
      "oof_mae": 0.8316839454586622,
      "gap": 0.08542109221793326,
      "fold_scores": [
        0.875584284177518,
        0.8670107707659171,
        0.8622156449045251,
        0.8752310637720253,
        0.8736433531419009
      ],
      "fold_mean": 0.8707370233523773,
      "fold_std": 0.005265699167925706,
      "top30_indices": [
        5409,
        2617,
        5561,
        6102,
        6024,
        5640,
        4173,
        4252,
        5330,
        996,
        842,
        2473,
        2539,
        862,
        4946,
        4484,
        2637,
        4714,
        6255,
        5542,
        148,
        1075,
        5494,
        1459,
        4405,
        4867,
        3001,
        4,
        1916,
        3558
      ]
    },
    {
      "seed": 456,
      "train_spearman": 0.9564338435591391,
      "oof_spearman": 0.8711956284628465,
      "oof_rmse": 1.1045132991730386,
      "oof_mae": 0.8301067031620265,
      "gap": 0.08523821509629259,
      "fold_scores": [
        0.8792996998681968,
        0.867434060411355,
        0.8632775011718126,
        0.8723148776464997,
        0.8730384009828132
      ],
      "fold_mean": 0.8710729080161353,
      "fold_std": 0.005423934643803928,
      "top30_indices": [
        5561,
        842,
        5409,
        2539,
        2617,
        5640,
        6102,
        996,
        3558,
        5330,
        3001,
        4173,
        4405,
        4867,
        4946,
        4714,
        148,
        862,
        1228,
        2637,
        4252,
        1075,
        1459,
        4484,
        70,
        5957,
        764,
        1916,
        1766,
        5494
      ]
    },
    {
      "seed": 789,
      "train_spearman": 0.9571906530400963,
      "oof_spearman": 0.870350944925987,
      "oof_rmse": 1.1078685200359153,
      "oof_mae": 0.830914099713884,
      "gap": 0.08683970811410935,
      "fold_scores": [
        0.8743450903147253,
        0.871422130118302,
        0.8805977749723697,
        0.8682231965932652,
        0.8572732535109011
      ],
      "fold_mean": 0.8703722891019126,
      "fold_std": 0.007715558423710461,
      "top30_indices": [
        5561,
        5640,
        2539,
        2617,
        5494,
        5330,
        764,
        2934,
        842,
        4714,
        5409,
        5957,
        1916,
        4867,
        4484,
        4946,
        3001,
        2637,
        6024,
        6255,
        4405,
        6102,
        2473,
        996,
        1228,
        4252,
        1459,
        148,
        4173,
        2079
      ]
    },
    {
      "seed": 2026,
      "train_spearman": 0.9574277393345949,
      "oof_spearman": 0.8691252530135068,
      "oof_rmse": 1.1050073351880345,
      "oof_mae": 0.8312959189512151,
      "gap": 0.08830248632108806,
      "fold_scores": [
        0.8515041088522598,
        0.8664744542351461,
        0.873711311451198,
        0.8900601059669475,
        0.8616334213579943
      ],
      "fold_mean": 0.8686766803727091,
      "fold_std": 0.01289924734529182,
      "top30_indices": [
        5561,
        2617,
        2539,
        5640,
        5409,
        5330,
        842,
        862,
        6102,
        6024,
        764,
        4867,
        148,
        3001,
        2658,
        2473,
        4946,
        2521,
        1228,
        996,
        2637,
        4405,
        1075,
        4,
        70,
        4173,
        3558,
        1459,
        4484,
        5660
      ]
    }
  ],
  "cross_seed_stats": {
    "train_spearman_mean": 0.9568424423280295,
    "train_spearman_std": 0.0004726840631918598,
    "oof_spearman_mean": 0.870424996514845,
    "oof_spearman_std": 0.0007029982213996104,
    "gap_mean": 0.08641744581318447,
    "gap_std": 0.0011074600218536287,
    "rmse_mean": 1.1058401500681998,
    "rmse_std": 0.0011884757288630032,
    "top30_overlap_count": 17,
    "top30_total_unique": 43,
    "top30_jaccard_similarity": 0.6641218430692115,
    "avg_fold_std": 0.008579196057375255
  }
}