{
  "model_id": 2,
  "model_name": "LightGBM-DART",
  "stage": "step5_multiseed",
  "seeds": [
    42,
    123,
    456,
    789,
    2026
  ],
  "seed_results": [
    {
      "seed": 42,
      "train_spearman": 0.9408028202515912,
      "oof_spearman": 0.8650355107363211,
      "oof_rmse": 1.1326254063513181,
      "oof_mae": 0.8642395241426052,
      "gap": 0.07576730951527011,
      "fold_scores": [
        0.8899921119840312,
        0.8616116729859585,
        0.844466675390754,
        0.8564151513175995,
        0.8718912958630582
      ],
      "fold_mean": 0.8648753815082802,
      "fold_std": 0.015354580929576868,
      "top30_indices": [
        5561,
        842,
        533,
        764,
        2617,
        2637,
        2473,
        5681,
        5957,
        4173,
        4405,
        996,
        5409,
        5330,
        862,
        5494,
        697,
        3247,
        5098,
        6102,
        2521,
        1688,
        5792,
        1228,
        3941,
        3788,
        5660,
        4714,
        4019,
        2934
      ]
    },
    {
      "seed": 123,
      "train_spearman": 0.9377505540598626,
      "oof_spearman": 0.864040214439628,
      "oof_rmse": 1.150956389967936,
      "oof_mae": 0.8822531888528762,
      "gap": 0.07371033962023466,
      "fold_scores": [
        0.871344375819721,
        0.8569205095460137,
        0.8529352271288416,
        0.8700066048853121,
        0.8677520288952872
      ],
      "fold_mean": 0.8637917492550351,
      "fold_std": 0.007435434367609489,
      "top30_indices": [
        4173,
        2473,
        2637,
        764,
        5957,
        4714,
        2934,
        842,
        5561,
        2617,
        2658,
        4,
        3941,
        533,
        3247,
        5494,
        148,
        1228,
        3326,
        3001,
        4405,
        3788,
        6024,
        697,
        5792,
        6102,
        862,
        3558,
        2470,
        5542
      ]
    },
    {
      "seed": 456,
      "train_spearman": 0.939848983547277,
      "oof_spearman": 0.8671380393441186,
      "oof_rmse": 1.1296003788078353,
      "oof_mae": 0.8602104105786665,
      "gap": 0.07271094420315838,
      "fold_scores": [
        0.8772061360905217,
        0.8612680184395055,
        0.8619978042011515,
        0.8642789699636414,
        0.8701929782301423
      ],
      "fold_mean": 0.8669887813849926,
      "fold_std": 0.0059940182593721,
      "top30_indices": [
        5561,
        5957,
        4405,
        2617,
        5494,
        2637,
        5330,
        148,
        4173,
        3941,
        6255,
        764,
        2473,
        842,
        996,
        3326,
        5792,
        3788,
        4714,
        2539,
        533,
        697,
        1622,
        1459,
        1228,
        1307,
        5098,
        6102,
        4946,
        862
      ]
    },
    {
      "seed": 789,
      "train_spearman": 0.9435278239930045,
      "oof_spearman": 0.8661280034494621,
      "oof_rmse": 1.1332988597966276,
      "oof_mae": 0.8592817982225994,
      "gap": 0.07739982054354244,
      "fold_scores": [
        0.8709851501258424,
        0.8690944839479179,
        0.8758934515313078,
        0.860043156281595,
        0.8558571254866524
      ],
      "fold_mean": 0.8663746734746631,
      "fold_std": 0.0073480327339959855,
      "top30_indices": [
        2637,
        2934,
        4405,
        2617,
        2473,
        4173,
        842,
        5494,
        3941,
        533,
        4714,
        3001,
        5330,
        5561,
        148,
        764,
        5640,
        3326,
        996,
        2539,
        2470,
        6024,
        3788,
        5660,
        5957,
        6102,
        1459,
        4019,
        4569,
        4484
      ]
    },
    {
      "seed": 2026,
      "train_spearman": 0.9440286223193451,
      "oof_spearman": 0.864491072984253,
      "oof_rmse": 1.1423092307423943,
      "oof_mae": 0.8743825704611733,
      "gap": 0.07953754933509216,
      "fold_scores": [
        0.8461103931193088,
        0.8614851112168873,
        0.8684733601413895,
        0.8878346696819555,
        0.8566349427774215
      ],
      "fold_mean": 0.8641076953873925,
      "fold_std": 0.013918701133001796,
      "top30_indices": [
        764,
        842,
        5561,
        2473,
        4,
        862,
        5957,
        5409,
        4405,
        2617,
        3326,
        6102,
        3558,
        5681,
        5660,
        5098,
        148,
        3247,
        3788,
        5640,
        4946,
        2637,
        3001,
        1228,
        697,
        5494,
        4252,
        4019,
        883,
        2934
      ]
    }
  ],
  "cross_seed_stats": {
    "train_spearman_mean": 0.9411917608342162,
    "train_spearman_std": 0.002336715808593138,
    "oof_spearman_mean": 0.8653665681907565,
    "oof_spearman_std": 0.0011272265848776462,
    "gap_mean": 0.07582519264345955,
    "gap_std": 0.002467206612504094,
    "rmse_mean": 1.1377580531332223,
    "rmse_std": 0.007844557749583985,
    "top30_overlap_count": 11,
    "top30_total_unique": 50,
    "top30_jaccard_similarity": 0.516685945633314,
    "avg_fold_std": 0.010010153484711248
  }
}