{
  "model": "Ensemble_SpearmanWeighted",
  "model_id": "E2",
  "stage": "step4_scaffold_split",
  "ensemble_type": "spearman_weighted",
  "weights": {
    "1": 0.12731848983543076,
    "2": 0.13661181026137462,
    "4": 0.20096805421103578,
    "10": 0.13169409486931266,
    "12": 0.1310358180058083,
    "13": 0.1370764762826718,
    "14": 0.1352952565343659
  },
  "data_split": {
    "total_drugs": 243,
    "test_drugs": 48,
    "test_samples": 1233
  },
  "metrics": {
    "spearman": 0.3762335542109347,
    "rmse": 2.325077070749624,
    "mae": 1.7549225041797265,
    "median_ae": 1.2844870630464005,
    "p95_error": 4.874404959385832,
    "kendall": 0.26086200903719153,
    "pearson": 0.3802419712816192,
    "r2": 0.07268518054228446
  },
  "random_5cv_spearman": 0.7824495411423037,
  "drop_from_random": 0.406215986931369
}