{
  "model_id": 14,
  "model_name": "GraphSAGE",
  "stage": "step5_multiseed",
  "seeds": [
    42,
    123,
    456,
    789,
    2026
  ],
  "seed_results": [
    {
      "seed": 42,
      "train_spearman": 0.8486835012835078,
      "oof_spearman": 0.8240417925664163,
      "oof_rmse": 1.343248368842828,
      "oof_mae": 1.0130627047617498,
      "gap": 0.02464170871709148,
      "fold_scores": [
        0.8629660608484581,
        0.8261273196700064,
        0.8068248194027107,
        0.8344043428888258,
        0.8281266993485077
      ],
      "fold_mean": 0.8316898484317019,
      "fold_std": 0.01815201018907902,
      "top30_indices": [
        2617,
        843,
        842,
        862,
        745,
        697,
        2521,
        381,
        6096,
        5640,
        611,
        2637,
        148,
        6156,
        2611,
        4714,
        5957,
        3788,
        2672,
        5542,
        897,
        2618,
        1852,
        2473,
        4484,
        3643,
        764,
        5871,
        6004,
        836
      ]
    },
    {
      "seed": 123,
      "train_spearman": 0.8400534385194658,
      "oof_spearman": 0.8288924547451394,
      "oof_rmse": 1.328372291778743,
      "oof_mae": 1.0076389771704415,
      "gap": 0.011160983774326394,
      "fold_scores": [
        0.8446647684663079,
        0.8201890227679584,
        0.8217145742073999,
        0.8418111913329949,
        0.8271816313963568
      ],
      "fold_mean": 0.8311122376342036,
      "fold_std": 0.010210005568055893,
      "top30_indices": [
        4714,
        611,
        6096,
        381,
        4484,
        4946,
        2658,
        883,
        1766,
        3326,
        843,
        5640,
        697,
        6102,
        6143,
        3829,
        5409,
        3788,
        6103,
        3073,
        5695,
        2848,
        6004,
        401,
        5330,
        694,
        4019,
        168,
        2672,
        4405
      ]
    },
    {
      "seed": 456,
      "train_spearman": 0.8460486672138678,
      "oof_spearman": 0.82807227396967,
      "oof_rmse": 1.3230626724373433,
      "oof_mae": 1.0115849341733658,
      "gap": 0.017976393244197864,
      "fold_scores": [
        0.8476779529718811,
        0.8317356050427941,
        0.8206054410325118,
        0.8301965669924025,
        0.8461250724340967
      ],
      "fold_mean": 0.8352681276947372,
      "fold_std": 0.010247642039818785,
      "top30_indices": [
        2617,
        862,
        6122,
        843,
        745,
        842,
        6096,
        3558,
        5660,
        697,
        5695,
        6156,
        5634,
        2637,
        5640,
        148,
        836,
        6102,
        4484,
        5410,
        5957,
        883,
        764,
        5409,
        2521,
        168,
        381,
        4714,
        5494,
        382
      ]
    },
    {
      "seed": 789,
      "train_spearman": 0.8348217675784858,
      "oof_spearman": 0.823234819360122,
      "oof_rmse": 1.3542547430074225,
      "oof_mae": 1.029468033144358,
      "gap": 0.011586948218363813,
      "fold_scores": [
        0.8408754380735374,
        0.8197868067590722,
        0.8496499813359104,
        0.8242662565692198,
        0.8059328276621164
      ],
      "fold_mean": 0.8281022620799712,
      "fold_std": 0.0155100211990528,
      "top30_indices": [
        843,
        5695,
        6156,
        2618,
        5641,
        862,
        6103,
        2617,
        5957,
        168,
        381,
        697,
        5542,
        4484,
        5954,
        2658,
        5494,
        745,
        4769,
        1986,
        836,
        6122,
        148,
        2521,
        5660,
        2982,
        842,
        6096,
        2611,
        1899
      ]
    },
    {
      "seed": 2026,
      "train_spearman": 0.8438579283982994,
      "oof_spearman": 0.8267103399233521,
      "oof_rmse": 1.3417283443521768,
      "oof_mae": 1.0149661440628681,
      "gap": 0.01714758847494735,
      "fold_scores": [
        0.788137898707033,
        0.8340766108171994,
        0.8411176864122898,
        0.8576522544169041,
        0.8284657928955014
      ],
      "fold_mean": 0.8298900486497857,
      "fold_std": 0.02306338115220388,
      "top30_indices": [
        862,
        611,
        836,
        5634,
        843,
        745,
        897,
        4019,
        5695,
        1951,
        6103,
        6102,
        401,
        2521,
        4,
        6004,
        148,
        5542,
        697,
        5464,
        1899,
        3326,
        4714,
        1362,
        1327,
        381,
        883,
        4485,
        436,
        5429
      ]
    }
  ],
  "cross_seed_stats": {
    "train_spearman_mean": 0.8426930605987254,
    "train_spearman_std": 0.004846178925210161,
    "oof_spearman_mean": 0.82619033611294,
    "oof_spearman_std": 0.002212006230073152,
    "gap_mean": 0.01650272448578538,
    "gap_std": 0.004930104737858857,
    "rmse_mean": 1.3381332840837028,
    "rmse_std": 0.011148006946795899,
    "top30_overlap_count": 3,
    "top30_total_unique": 70,
    "top30_jaccard_similarity": 0.30180825181232873,
    "avg_fold_std": 0.015436612029642078
  }
}