{
  "model": "Ensemble_EqualWeight",
  "model_id": "E1",
  "stage": "step4_scaffold_split",
  "ensemble_type": "equal_weight",
  "weights": {
    "1": 0.14285714285714285,
    "2": 0.14285714285714285,
    "4": 0.14285714285714285,
    "10": 0.14285714285714285,
    "12": 0.14285714285714285,
    "13": 0.14285714285714285,
    "14": 0.14285714285714285
  },
  "data_split": {
    "total_drugs": 243,
    "test_drugs": 48,
    "test_samples": 1233
  },
  "metrics": {
    "spearman": 0.36869091239928464,
    "rmse": 2.3422557041945975,
    "mae": 1.7655044499827643,
    "median_ae": 1.2923923900570755,
    "p95_error": 4.912935290602262,
    "kendall": 0.2556798432710841,
    "pearson": 0.3721658429755893,
    "r2": 0.058931786901879946
  },
  "random_5cv_spearman": 0.7775857142857143,
  "drop_from_random": 0.4088948018864297
}