{
  "model": "Ensemble_EqualWeight",
  "model_id": "E1",
  "stage": "step2_groupkfold",
  "ensemble_type": "equal_weight",
  "weights": {
    "1": 0.16666666666666666,
    "2": 0.16666666666666666,
    "4": 0.16666666666666666,
    "10": 0.16666666666666666,
    "12": 0.16666666666666666,
    "13": 0.16666666666666666
  },
  "overall_metrics": {
    "spearman": 0.5483635362034135,
    "rmse": 2.216932265357412,
    "mae": 1.664131532696828,
    "median_ae": 1.295271401394488,
    "p95_error": 4.6070787713223025,
    "kendall": 0.3863449164221511,
    "pearson": 0.578302388469436,
    "r2": 0.32867282684006094
  },
  "random_5cv_spearman": 0.8350833333333334,
  "drop_from_random": 0.2867197971299199
}