{
  "model_id": 1,
  "model_name": "LightGBM",
  "stage": "step5_multiseed",
  "seeds": [
    42,
    123,
    456,
    789,
    2026
  ],
  "seed_results": [
    {
      "seed": 42,
      "train_spearman": 0.980220566565623,
      "oof_spearman": 0.8641303050661876,
      "oof_rmse": 1.1231113204389271,
      "oof_mae": 0.842722574241523,
      "gap": 0.11609026149943535,
      "fold_scores": [
        0.8876515056572236,
        0.8643785551151686,
        0.8443585845829229,
        0.8553595441125013,
        0.8679174666184593
      ],
      "fold_mean": 0.8639331312172551,
      "fold_std": 0.014389606588750927,
      "top30_indices": [
        5561,
        2637,
        842,
        533,
        5792,
        2521,
        5409,
        5098,
        4484,
        1459,
        168,
        1622,
        4173,
        148,
        2473,
        4,
        5494,
        3941,
        6102,
        4946,
        2617,
        5681,
        4405,
        764,
        5957,
        5660,
        996,
        1688,
        2470,
        5330
      ]
    },
    {
      "seed": 123,
      "train_spearman": 0.9803138623784323,
      "oof_spearman": 0.8594572569101357,
      "oof_rmse": 1.1410107952515136,
      "oof_mae": 0.8555981084327585,
      "gap": 0.12085660546829657,
      "fold_scores": [
        0.8677815298843455,
        0.8578268040281032,
        0.8457678968070402,
        0.8589611459104386,
        0.8650886218181846
      ],
      "fold_mean": 0.8590851996896223,
      "fold_std": 0.007623867012964679,
      "top30_indices": [
        5957,
        862,
        4173,
        6255,
        2617,
        4484,
        4,
        2637,
        2473,
        2934,
        4405,
        883,
        3001,
        1578,
        4252,
        4946,
        5330,
        5494,
        6024,
        3326,
        2770,
        996,
        842,
        1622,
        2470,
        1228,
        5098,
        148,
        2557,
        1766
      ]
    },
    {
      "seed": 456,
      "train_spearman": 0.9798409536646446,
      "oof_spearman": 0.8617741721641633,
      "oof_rmse": 1.1333560339580275,
      "oof_mae": 0.8540513338256646,
      "gap": 0.11806678150048133,
      "fold_scores": [
        0.8683669979398168,
        0.8565869191757614,
        0.859568134352953,
        0.8606479110644859,
        0.862688810823273
      ],
      "fold_mean": 0.8615717546712579,
      "fold_std": 0.0039278419477496605,
      "top30_indices": [
        5561,
        5957,
        5494,
        1459,
        2637,
        6255,
        2617,
        2473,
        4252,
        4173,
        4405,
        3941,
        1951,
        5792,
        2557,
        842,
        5098,
        4714,
        2658,
        6102,
        862,
        4946,
        5330,
        3001,
        533,
        2470,
        5409,
        4484,
        2539,
        1228
      ]
    },
    {
      "seed": 789,
      "train_spearman": 0.9794729875273458,
      "oof_spearman": 0.8631059433652044,
      "oof_rmse": 1.1319396480606605,
      "oof_mae": 0.8501337299325022,
      "gap": 0.11636704416214139,
      "fold_scores": [
        0.8633987187535674,
        0.8693083213302601,
        0.8730937908434879,
        0.8595701382967259,
        0.8503684281898156
      ],
      "fold_mean": 0.8631478794827714,
      "fold_std": 0.0079126446177577,
      "top30_indices": [
        5494,
        2637,
        2934,
        5561,
        4173,
        2617,
        2473,
        4714,
        5957,
        1459,
        4867,
        5330,
        5098,
        1307,
        1578,
        842,
        3001,
        996,
        4569,
        4484,
        4405,
        5409,
        6255,
        4252,
        2557,
        6102,
        6024,
        148,
        3558,
        764
      ]
    },
    {
      "seed": 2026,
      "train_spearman": 0.9800158795640198,
      "oof_spearman": 0.8627692306381622,
      "oof_rmse": 1.1308328192616044,
      "oof_mae": 0.8514753215566121,
      "gap": 0.11724664892585757,
      "fold_scores": [
        0.850823384560627,
        0.8576475966907308,
        0.8680531310938142,
        0.8822367676127365,
        0.852849126494064
      ],
      "fold_mean": 0.8623220012903945,
      "fold_std": 0.011603855983797227,
      "top30_indices": [
        2473,
        5561,
        5660,
        862,
        4405,
        1578,
        883,
        4946,
        842,
        5957,
        4173,
        2637,
        5494,
        2557,
        697,
        4,
        1688,
        3247,
        4867,
        3558,
        148,
        2934,
        5409,
        4714,
        6102,
        3001,
        1307,
        1622,
        6255,
        2521
      ]
    }
  ],
  "cross_seed_stats": {
    "train_spearman_mean": 0.979972849940013,
    "train_spearman_std": 0.0002989192591172297,
    "oof_spearman_mean": 0.8622473816287707,
    "oof_spearman_std": 0.0015851547847435382,
    "gap_mean": 0.11772546831124245,
    "gap_std": 0.001712833913693621,
    "rmse_mean": 1.1320501233941465,
    "rmse_std": 0.005716559716453915,
    "top30_overlap_count": 7,
    "top30_total_unique": 53,
    "top30_jaccard_similarity": 0.4474891529344166,
    "avg_fold_std": 0.009091563230204039
  }
}