{
  "ensemble_A": {
    "models": [
      "CatBoost",
      "DART",
      "FlatMLP"
    ],
    "model_ids": [
      "04",
      "02",
      "10"
    ],
    "weights_normalized": {
      "04": 0.3396863968850414,
      "02": 0.3377123275531739,
      "10": 0.32260127556178475
    },
    "equal_weight": {
      "train_spearman": 0.5417663486379162,
      "oof_spearman_mean": 0.8636806043466981,
      "oof_spearman_std": 0.0013841902510796614,
      "gap": -0.32191425570878196,
      "ratio": 1.594193892843518,
      "oof_spearman": 0.866432679572216,
      "oof_kendall": 0.691953534732926,
      "oof_pearson": 0.9084992097382747,
      "oof_rmse": 1.1480432249325385,
      "oof_mae": 0.8720756925331314,
      "oof_median_ae": 0.6844073489991098,
      "oof_p95_error": 2.2732754768928123,
      "oof_r2": 0.819969595211426,
      "train_kendall": 0.38104702320761613,
      "train_pearson": 0.568622715167931,
      "train_rmse": 2.231215511605231,
      "train_mae": 1.6803599769400452,
      "train_median_ae": 1.3211522740694461,
      "train_p95_error": 4.604376486591844,
      "train_r2": 0.3199945098650192,
      "top30_indices": [
        2465,
        689,
        692,
        2468,
        5952,
        2926,
        5949,
        1614,
        458,
        2929,
        5254,
        690,
        3403,
        461,
        2466,
        5257,
        4100,
        1617,
        4329,
        4097,
        3406,
        2234,
        1387,
        5950,
        2008,
        1384,
        3869,
        3866,
        3635,
        1152
      ]
    },
    "weighted": {
      "train_spearman": 0.5415024292715169,
      "oof_spearman_mean": 0.8640599404298346,
      "oof_spearman_std": 0.0013515330139273597,
      "gap": -0.32255751115831766,
      "ratio": 1.59567140186657,
      "oof_spearman": 0.866787759050891,
      "oof_kendall": 0.6923939146818081,
      "oof_pearson": 0.9088779890537374,
      "oof_rmse": 1.1457109676509696,
      "oof_mae": 0.8702631962318732,
      "oof_median_ae": 0.6842038055411541,
      "oof_p95_error": 2.271951469694769,
      "oof_r2": 0.8207003181000905,
      "train_kendall": 0.3808598540806898,
      "train_pearson": 0.568302396791283,
      "train_rmse": 2.2318026161956084,
      "train_mae": 1.6808353303067793,
      "train_median_ae": 1.3206655748707528,
      "train_p95_error": 4.600069253924458,
      "train_r2": 0.31963660013522044,
      "top30_indices": [
        2465,
        689,
        692,
        2468,
        2926,
        5952,
        5949,
        1614,
        458,
        2929,
        5254,
        3403,
        690,
        461,
        2466,
        5257,
        4100,
        1617,
        4329,
        4097,
        3406,
        2234,
        1387,
        2008,
        5950,
        1384,
        3869,
        3866,
        3635,
        1152
      ]
    }
  },
  "ensemble_B": {
    "models": [
      "CatBoost",
      "DART",
      "FlatMLP",
      "CrossAttention"
    ],
    "model_ids": [
      "04",
      "02",
      "10",
      "13"
    ],
    "weights_normalized": {
      "04": 0.25683204996211506,
      "02": 0.25533948423702224,
      "10": 0.24391423290043135,
      "13": 0.24391423290043135
    },
    "equal_weight": {
      "train_spearman": 0.5434866966371409,
      "oof_spearman_mean": 0.856917051625326,
      "oof_spearman_std": 0.0020439306669672863,
      "gap": -0.31343035498818517,
      "ratio": 1.576702901704045,
      "oof_spearman": 0.8601610657014721,
      "oof_kendall": 0.6839225484111583,
      "oof_pearson": 0.9014490619034531,
      "oof_rmse": 1.1888199137995215,
      "oof_mae": 0.9029844615838126,
      "oof_median_ae": 0.7115492580443805,
      "oof_p95_error": 2.3538831842961137,
      "oof_r2": 0.8069536829136086,
      "train_kendall": 0.3824725095962327,
      "train_pearson": 0.5713492567429638,
      "train_rmse": 2.2283398385222277,
      "train_mae": 1.6787646656425645,
      "train_median_ae": 1.316642065207155,
      "train_p95_error": 4.610964637196272,
      "train_r2": 0.32174621276492443,
      "top30_indices": [
        692,
        2465,
        689,
        2468,
        5952,
        690,
        2926,
        2466,
        2929,
        5949,
        1614,
        3403,
        461,
        5254,
        458,
        5257,
        4100,
        1617,
        5950,
        1387,
        3406,
        2927,
        4329,
        3869,
        4097,
        5255,
        3404,
        2234,
        3866,
        1384
      ]
    },
    "weighted": {
      "train_spearman": 0.5436508020311133,
      "oof_spearman_mean": 0.8574755216019911,
      "oof_spearman_std": 0.0019919303221846434,
      "gap": -0.3138247195708779,
      "ratio": 1.5772542198014041,
      "oof_spearman": 0.8606699017995559,
      "oof_kendall": 0.6845714202793498,
      "oof_pearson": 0.9020440711200134,
      "oof_rmse": 1.185506690818788,
      "oof_mae": 0.9004925380501752,
      "oof_median_ae": 0.7096532352057945,
      "oof_p95_error": 2.3472808898183897,
      "oof_r2": 0.8080282177549596,
      "train_kendall": 0.38260410054886607,
      "train_pearson": 0.5713775217204431,
      "train_rmse": 2.228074566253501,
      "train_mae": 1.6786406424741012,
      "train_median_ae": 1.3156410895228319,
      "train_p95_error": 4.598769118013028,
      "train_r2": 0.32190768832481664,
      "top30_indices": [
        692,
        2465,
        689,
        2468,
        5952,
        2926,
        690,
        2466,
        2929,
        5949,
        1614,
        3403,
        461,
        458,
        5254,
        5257,
        4100,
        1617,
        5950,
        3406,
        1387,
        4329,
        2927,
        3869,
        4097,
        5255,
        3404,
        2234,
        3866,
        1384
      ]
    }
  },
  "comparison": {
    "top30_overlap_equal": 27,
    "top30_overlap_weighted": 27,
    "jaccard_equal": 0.9,
    "jaccard_weighted": 0.9
  }
}