{
  "model_id": 12,
  "model_name": "FT-Transformer",
  "stage": "step5_multiseed",
  "seeds": [
    42,
    123,
    456,
    789,
    2026
  ],
  "seed_results": [
    {
      "seed": 42,
      "train_spearman": 0.8457087243341097,
      "oof_spearman": 0.8224981189672925,
      "oof_rmse": 1.3872589935647872,
      "oof_mae": 1.043457125596453,
      "gap": 0.023210605366817183,
      "fold_scores": [
        0.8573367698825453,
        0.7997043435429307,
        0.8052060283829231,
        0.825940488741561,
        0.8273651018230811
      ],
      "fold_mean": 0.8231105464746082,
      "fold_std": 0.020327155664243188,
      "top30_indices": [
        611,
        764,
        3326,
        5871,
        5957,
        697,
        381,
        4484,
        2618,
        2473,
        5640,
        5561,
        148,
        466,
        5494,
        149,
        3080,
        2934,
        3079,
        6103,
        4020,
        4253,
        4714,
        3162,
        4946,
        4485,
        5410,
        3559,
        3411,
        302
      ]
    },
    {
      "seed": 123,
      "train_spearman": 0.851258609513264,
      "oof_spearman": 0.810185366404155,
      "oof_rmse": 1.4356084631873853,
      "oof_mae": 1.079154385000484,
      "gap": 0.04107324310910909,
      "fold_scores": [
        0.8307852586590028,
        0.7997015857220232,
        0.7861552928482214,
        0.8384553096909935,
        0.8371858975716359
      ],
      "fold_mean": 0.8184566688983752,
      "fold_std": 0.021437610899625207,
      "top30_indices": [
        5871,
        1307,
        70,
        4485,
        4484,
        4636,
        843,
        612,
        611,
        4173,
        3079,
        234,
        2473,
        381,
        1537,
        3326,
        4,
        6103,
        4867,
        2618,
        5410,
        5178,
        5030,
        5641,
        5494,
        382,
        5330,
        3327,
        4405,
        3179
      ]
    },
    {
      "seed": 456,
      "train_spearman": 0.8411085766155555,
      "oof_spearman": 0.8162567635075821,
      "oof_rmse": 1.4133120007705096,
      "oof_mae": 1.0674441647824948,
      "gap": 0.024851813107973353,
      "fold_scores": [
        0.8278700426300829,
        0.8241608516643608,
        0.8198464087911157,
        0.7965620183222794,
        0.8339334769280724
      ],
      "fold_mean": 0.8204745596671822,
      "fold_std": 0.012818959223535249,
      "top30_indices": [
        148,
        4252,
        4405,
        4714,
        4337,
        3080,
        2934,
        3327,
        382,
        1766,
        4105,
        5178,
        4484,
        5695,
        4715,
        3874,
        843,
        862,
        5450,
        5561,
        996,
        4946,
        5310,
        1852,
        1075,
        842,
        612,
        697,
        5410,
        5957
      ]
    },
    {
      "seed": 789,
      "train_spearman": 0.7998528041773918,
      "oof_spearman": 0.7924527235462536,
      "oof_rmse": 1.5315949163246467,
      "oof_mae": 1.1563436269696292,
      "gap": 0.007400080631138173,
      "fold_scores": [
        0.8273999871698272,
        0.8070968747866675,
        0.789322987593094,
        0.8074853244857014,
        0.7539560522303542
      ],
      "fold_mean": 0.7970522452531289,
      "fold_std": 0.024689076293831488,
      "top30_indices": [
        843,
        6103,
        5957,
        2618,
        4337,
        5872,
        2934,
        3162,
        2617,
        148,
        4252,
        1308,
        6102,
        4405,
        1076,
        3558,
        5409,
        6024,
        3001,
        5494,
        764,
        1307,
        5410,
        5640,
        4485,
        234,
        3327,
        3179,
        4019,
        1767
      ]
    },
    {
      "seed": 2026,
      "train_spearman": 0.8367549593980104,
      "oof_spearman": 0.8205156059857575,
      "oof_rmse": 1.4032518733782342,
      "oof_mae": 1.0538679011475018,
      "gap": 0.01623935341225291,
      "fold_scores": [
        0.7960915904320627,
        0.8285428698588214,
        0.8214804828381848,
        0.8523226103256525,
        0.8199221108931913
      ],
      "fold_mean": 0.8236719328695825,
      "fold_std": 0.018022909048821662,
      "top30_indices": [
        611,
        843,
        4485,
        4,
        3326,
        842,
        3162,
        5872,
        3079,
        4019,
        1307,
        6004,
        2388,
        5871,
        3327,
        3179,
        5957,
        3227,
        382,
        6102,
        3710,
        764,
        5641,
        5494,
        1899,
        897,
        1308,
        3559,
        463,
        612
      ]
    }
  ],
  "cross_seed_stats": {
    "train_spearman_mean": 0.8349367348076662,
    "train_spearman_std": 0.018191861436892554,
    "oof_spearman_mean": 0.8123817156822082,
    "oof_spearman_std": 0.010821335040111431,
    "gap_mean": 0.022555019125458143,
    "gap_std": 0.011119257795322671,
    "rmse_mean": 1.4342052494451125,
    "rmse_std": 0.051157221376870184,
    "top30_overlap_count": 0,
    "top30_total_unique": 80,
    "top30_jaccard_similarity": 0.21213510157971016,
    "avg_fold_std": 0.019459142226011358
  }
}