{
  "model": "Ensemble_SpearmanWeighted",
  "model_id": "E2",
  "stage": "step2_groupkfold",
  "ensemble_type": "spearman_weighted",
  "weights": {
    "1": 0.16838768707927584,
    "2": 0.162538396183256,
    "4": 0.1611986144696425,
    "10": 0.16747271420168613,
    "12": 0.17237435461734527,
    "13": 0.1680282334487942
  },
  "overall_metrics": {
    "spearman": 0.54827541853205,
    "rmse": 2.2170785113816236,
    "mae": 1.664083185334551,
    "median_ae": 1.297750189145571,
    "p95_error": 4.5906995900483425,
    "kendall": 0.3863040472140564,
    "pearson": 0.5783657470308248,
    "r2": 0.3285842520379567
  },
  "random_5cv_spearman": 0.8347429971897261,
  "drop_from_random": 0.28646757865767614
}