{
  "model": "Ensemble_EqualWeight",
  "model_id": "E1",
  "stage": "step3_unseen_drug",
  "ensemble_type": "equal_weight",
  "weights": {
    "1": 0.16666666666666666,
    "2": 0.16666666666666666,
    "4": 0.16666666666666666,
    "10": 0.16666666666666666,
    "12": 0.16666666666666666,
    "13": 0.16666666666666666
  },
  "data_split": {
    "total_drugs": 243,
    "unseen_drugs": 60,
    "test_samples": 1534
  },
  "regression_metrics": {
    "spearman": 0.38924677110449984,
    "rmse": 2.2669476319717172,
    "mae": 1.6801265349870742,
    "median_ae": 1.2028802501235196,
    "p95_error": 4.958369886307945,
    "kendall": 0.27137779796242767,
    "pearson": 0.37506957548708825,
    "r2": 0.05957489895129964
  },
  "ranking_metrics": {
    "precision_at_30": 0.9666666666666667,
    "recall_at_30": 0.03780964797913951,
    "ndcg_at_30": 0.8888172524393261,
    "ef_at_30": 1.9333333333333333
  },
  "random_5cv_spearman": 0.8350833333333334,
  "drop_from_random": 0.44583656222883356
}