{
  "model_id": 13,
  "model_name": "CrossAttention",
  "stage": "step5_multiseed",
  "seeds": [
    42,
    123,
    456,
    789,
    2026
  ],
  "seed_results": [
    {
      "seed": 42,
      "train_spearman": 0.8482540520625245,
      "oof_spearman": 0.8307546188943665,
      "oof_rmse": 1.3676203250394008,
      "oof_mae": 1.030416118467594,
      "gap": 0.01749943316815794,
      "fold_scores": [
        0.8637587593452295,
        0.8349849839023835,
        0.8170609671333413,
        0.8319392435886127,
        0.8288254155030188
      ],
      "fold_mean": 0.8353138738945172,
      "fold_std": 0.015465293428596726,
      "top30_indices": [
        6096,
        862,
        843,
        697,
        6103,
        2611,
        2637,
        5957,
        142,
        5641,
        5660,
        168,
        5403,
        2618,
        5494,
        2473,
        5410,
        745,
        149,
        3080,
        2934,
        3789,
        3099,
        1951,
        3559,
        6122,
        836,
        3411,
        5262,
        2521
      ]
    },
    {
      "seed": 123,
      "train_spearman": 0.8469461192395339,
      "oof_spearman": 0.829227882922415,
      "oof_rmse": 1.368523227401504,
      "oof_mae": 1.030639354556447,
      "gap": 0.017718236317118885,
      "fold_scores": [
        0.8398087146755906,
        0.8253829134832856,
        0.8139614349862112,
        0.8431695685597866,
        0.8401813078176048
      ],
      "fold_mean": 0.8325007879044957,
      "fold_std": 0.011140833033511287,
      "top30_indices": [
        6096,
        6103,
        697,
        149,
        2611,
        5634,
        5957,
        5641,
        3099,
        5494,
        2618,
        3080,
        5410,
        168,
        142,
        862,
        2637,
        5660,
        843,
        1852,
        4485,
        612,
        4734,
        6184,
        2934,
        4504,
        3808,
        3552,
        1076,
        6122
      ]
    },
    {
      "seed": 456,
      "train_spearman": 0.8515579428931053,
      "oof_spearman": 0.8226026551879558,
      "oof_rmse": 1.3890850981112284,
      "oof_mae": 1.0482319537562736,
      "gap": 0.028955287705149435,
      "fold_scores": [
        0.8437034110272942,
        0.8143274238640312,
        0.8240269787023706,
        0.8379776061375198,
        0.8406650062135854
      ],
      "fold_mean": 0.8321400851889603,
      "fold_std": 0.011167585541054197,
      "top30_indices": [
        5641,
        6103,
        4734,
        5410,
        5429,
        862,
        836,
        697,
        6122,
        6004,
        5660,
        5634,
        149,
        2611,
        4,
        3559,
        5403,
        6096,
        2637,
        3099,
        1951,
        382,
        5957,
        3080,
        2934,
        4715,
        1852,
        3073,
        234,
        843
      ]
    },
    {
      "seed": 789,
      "train_spearman": 0.8512844952011849,
      "oof_spearman": 0.8314313233256821,
      "oof_rmse": 1.3876077389251018,
      "oof_mae": 1.0491311291976422,
      "gap": 0.01985317187550273,
      "fold_scores": [
        0.8393250174137096,
        0.8277479112510528,
        0.8533485722253291,
        0.8363016927403212,
        0.8232696956556053
      ],
      "fold_mean": 0.8359985778572037,
      "fold_std": 0.010414195359003597,
      "top30_indices": [
        836,
        5641,
        2611,
        168,
        862,
        6122,
        5660,
        3099,
        697,
        5429,
        6096,
        3073,
        5542,
        5634,
        375,
        4708,
        612,
        1301,
        5494,
        5262,
        3559,
        5403,
        5891,
        1538,
        6103,
        843,
        5410,
        4715,
        5957,
        1899
      ]
    },
    {
      "seed": 2026,
      "train_spearman": 0.8445765397458023,
      "oof_spearman": 0.8192107659107811,
      "oof_rmse": 1.4095685275555756,
      "oof_mae": 1.060718965467307,
      "gap": 0.025365773835021144,
      "fold_scores": [
        0.8097734523007459,
        0.8183698274520933,
        0.8381943018076621,
        0.8493350297207041,
        0.8367528188519643
      ],
      "fold_mean": 0.830485086026634,
      "fold_std": 0.01435122379395648,
      "top30_indices": [
        862,
        6122,
        6103,
        836,
        5957,
        5429,
        5641,
        5494,
        168,
        2637,
        5660,
        2618,
        142,
        2611,
        4504,
        612,
        3643,
        5262,
        3808,
        4478,
        382,
        3552,
        4039,
        3782,
        6096,
        4800,
        234,
        1852,
        1301,
        6320
      ]
    }
  ],
  "cross_seed_stats": {
    "train_spearman_mean": 0.8485238298284301,
    "train_spearman_std": 0.0026446234186085593,
    "oof_spearman_mean": 0.8266454492482401,
    "oof_spearman_std": 0.004859578781940898,
    "gap_mean": 0.021878380580190027,
    "gap_std": 0.004534930588081592,
    "rmse_mean": 1.384480983406562,
    "rmse_std": 0.015487356914633554,
    "top30_overlap_count": 8,
    "top30_total_unique": 60,
    "top30_jaccard_similarity": 0.4118622981825527,
    "avg_fold_std": 0.012507826231224456
  }
}