{
  "model": "SAINT",
  "timestamp": "2026-04-14T23:50:46.874632",
  "device": "mps",
  "hyperparameters": {
    "epochs": 100,
    "learning_rate": 0.001,
    "batch_size": 64
  },
  "metrics": {
    "train_spearman": 0.7699508670323681,
    "oof_spearman": 0.7339643040747943,
    "oof_rmse": 1.8506936201873705,
    "holdout_spearman": 0.7343668308460873,
    "holdout_rmse": 2.234565839949864,
    "gap": 0.03598656295757385,
    "fold_std": 0.024866924653918387
  },
  "fold_metrics": {
    "fold_train_sps": [
      0.785787092776853,
      0.7458329539355544,
      0.7864180761278474,
      0.7597510875931617,
      0.7719651247284243
    ],
    "fold_oof_sps": [
      0.7407968584893441,
      0.756216077176355,
      0.7767915352413839,
      0.7781377986493521,
      0.7113442558275637
    ]
  }
}