{
  "ks_test": {
    "statistic": 0.26696853044645535,
    "p_value": 0.005343398911355022
  },
  "pca_separation": 2.8489290854431415
}