{
  "precision_20": 0.670206703888894,
  "precision_15": 0.7802508655625054,
  "ndcg_15": 0.8243838606746845,
  "known_brca_recall": 0.5596973608433965
}