{
  "model": "Bilinear",
  "timestamp": "2026-04-14T23:11:52.726862",
  "device": "mps",
  "hyperparameters": {
    "epochs": 100,
    "learning_rate": 0.001,
    "batch_size": 64
  },
  "metrics": {
    "train_spearman": 0.08527384875339442,
    "oof_spearman": 0.06658687609446909,
    "oof_rmse": 3.1100081142129885,
    "holdout_spearman": -0.10987575950430492,
    "holdout_rmse": 3.218753150212275,
    "gap": 0.018686972658925327,
    "fold_std": 0.15465176760915172
  },
  "fold_metrics": {
    "fold_train_sps": [
      -0.06777729061401322,
      0.28324465830893136,
      0.05307264443437851,
      -0.08296742670828806,
      0.24079665834596342
    ],
    "fold_oof_sps": [
      -0.06524220289754348,
      0.24389506807238043,
      0.047006984196207045,
      -0.11353839829798949,
      0.2622489501780978
    ]
  }
}