{
  "description": "Pipeline B: Drug Chemistry Only (Morgan FP + Drug Desc + SMILES flags)",
  "n_features": 2059,
  "feature_breakdown": {
    "drug_morgan": 2048,
    "drug_desc": 9,
    "smiles_flags": 2
  },
  "pipeline_a_reference": {
    "Stacking_Ridge": 0.5182,
    "CatBoost": 0.514,
    "RandomForest": 0.5064,
    "XGBoost": 0.4908
  },
  "model_results": [
    {
      "model": "1_Stacking_Ridge",
      "spearman_mean": 0.3275090305772189,
      "spearman_std": 0.07263623395874275,
      "rmse_mean": 2.366012788539888,
      "rmse_std": 0.11717045839085408,
      "pearson_mean": 0.42587563326733,
      "r2_mean": 0.16973113834318024,
      "r2_std": 0.06975495879189579,
      "train_spearman_mean": 0.7322550599242839,
      "gap_spearman_mean": 0.4047460293470649,
      "gap_rmse_mean": 0.8639417432976881,
      "elapsed_sec": 77.29184985160828
    },
    {
      "model": "2_CatBoost",
      "spearman_mean": 0.3319465204954862,
      "spearman_std": 0.0790427568202759,
      "rmse_mean": 2.3404043713929408,
      "rmse_std": 0.13921739062521007,
      "pearson_mean": 0.44493608093630294,
      "r2_mean": 0.1890152554414874,
      "r2_std": 0.05593788798233767,
      "train_spearman_mean": 0.6888595809868218,
      "gap_spearman_mean": 0.35691306049133564,
      "gap_rmse_mean": 0.6846996118144639,
      "elapsed_sec": 4.953627347946167
    },
    {
      "model": "3_RandomForest",
      "spearman_mean": 0.2929405021281476,
      "spearman_std": 0.14537895676892007,
      "rmse_mean": 2.3542449995606978,
      "rmse_std": 0.14964750199528634,
      "pearson_mean": 0.4365086545841013,
      "r2_mean": 0.1796700420956755,
      "r2_std": 0.0570247884181763,
      "train_spearman_mean": 0.7317492350431604,
      "gap_spearman_mean": 0.4388087329150127,
      "gap_rmse_mean": 0.8520502020702496,
      "elapsed_sec": 14.055307865142822
    },
    {
      "model": "4_XGBoost",
      "spearman_mean": 0.3323263818537905,
      "spearman_std": 0.06749057965546928,
      "rmse_mean": 2.3757363763876125,
      "rmse_std": 0.11372166513654067,
      "pearson_mean": 0.4206524805097634,
      "r2_mean": 0.16233504344618535,
      "r2_std": 0.07771210221074565,
      "train_spearman_mean": 0.7271716521559837,
      "gap_spearman_mean": 0.3948452703021931,
      "gap_rmse_mean": 0.85939190666829,
      "elapsed_sec": 3.9364168643951416
    }
  ],
  "model_folds": {
    "1_Stacking_Ridge": [
      {
        "spearman": 0.4479043062445816,
        "pearson": 0.5069013657829828,
        "rmse": 2.461323056151941,
        "r2": 0.23822803430912942,
        "train_spearman": 0.7236455833810574,
        "train_rmse": 1.4402925510277516,
        "gap_spearman": 0.27574127713647584,
        "gap_rmse": 1.0210305051241895,
        "fold": 0
      },
      {
        "spearman": 0.28526942119995097,
        "pearson": 0.39957780719981495,
        "rmse": 2.4728700792801197,
        "r2": 0.15618013129863217,
        "train_spearman": 0.7229165263811392,
        "train_rmse": 1.5261068207282582,
        "gap_spearman": 0.43764710518118827,
        "gap_rmse": 0.9467632585518615,
        "fold": 1
      },
      {
        "spearman": 0.26536775478039987,
        "pearson": 0.44333923434192424,
        "rmse": 2.3303313439841236,
        "r2": 0.17754966980692366,
        "train_spearman": 0.744819206088435,
        "train_rmse": 1.474566034916097,
        "gap_spearman": 0.4794514513080351,
        "gap_rmse": 0.8557653090680266,
        "fold": 2
      },
      {
        "spearman": 0.2990676186538826,
        "pearson": 0.48578593438408657,
        "rmse": 2.3809561845064375,
        "r2": 0.2175851158679437,
        "train_spearman": 0.7413236483493948,
        "train_rmse": 1.5137227968536733,
        "gap_spearman": 0.4422560296955122,
        "gap_rmse": 0.8672333876527643,
        "fold": 3
      },
      {
        "spearman": 0.3399360520072796,
        "pearson": 0.29377382462784163,
        "rmse": 2.184583278776816,
        "r2": 0.05911274043327219,
        "train_spearman": 0.7285703354213925,
        "train_rmse": 1.5556670226852172,
        "gap_spearman": 0.3886342834141129,
        "gap_rmse": 0.6289162560915986,
        "fold": 4
      }
    ],
    "2_CatBoost": [
      {
        "spearman": 0.43728381759473484,
        "pearson": 0.5338708602322175,
        "rmse": 2.413502765075328,
        "r2": 0.2675409530620694,
        "train_spearman": 0.7239521451628493,
        "train_rmse": 1.4391103513936645,
        "gap_spearman": 0.2866683275681145,
        "gap_rmse": 0.9743924136816633,
        "fold": 0
      },
      {
        "spearman": 0.37976678708159656,
        "pearson": 0.41232505734142083,
        "rmse": 2.4643958819937204,
        "r2": 0.16195353917688937,
        "train_spearman": 0.6132130009955798,
        "train_rmse": 1.879998351216411,
        "gap_spearman": 0.2334462139139833,
        "gap_rmse": 0.5843975307773095,
        "fold": 1
      },
      {
        "spearman": 0.25426529250179103,
        "pearson": 0.45378428874694565,
        "rmse": 2.2943404377236716,
        "r2": 0.20275822900682317,
        "train_spearman": 0.6852016794501306,
        "train_rmse": 1.690334415869183,
        "gap_spearman": 0.4309363869483395,
        "gap_rmse": 0.6040060218544885,
        "fold": 2
      },
      {
        "spearman": 0.25729227377387015,
        "pearson": 0.4792875386359036,
        "rmse": 2.4120007835848254,
        "r2": 0.19704873632074582,
        "train_spearman": 0.7271075220903307,
        "train_rmse": 1.5576607752536302,
        "gap_spearman": 0.46981524831646054,
        "gap_rmse": 0.8543400083311952,
        "fold": 3
      },
      {
        "spearman": 0.3311244315254382,
        "pearson": 0.34541265972502716,
        "rmse": 2.1177819885871596,
        "r2": 0.11577481964090919,
        "train_spearman": 0.6948235572352185,
        "train_rmse": 1.7114199041594957,
        "gap_spearman": 0.3636991257097803,
        "gap_rmse": 0.40636208442766386,
        "fold": 4
      }
    ],
    "3_RandomForest": [
      {
        "spearman": 0.5063637696347997,
        "pearson": 0.531138751004761,
        "rmse": 2.3996579801267837,
        "r2": 0.2759201872092001,
        "train_spearman": 0.7228088319273605,
        "train_rmse": 1.4409215929247012,
        "gap_spearman": 0.21644506229256077,
        "gap_rmse": 0.9587363872020824,
        "fold": 0
      },
      {
        "spearman": 0.25691376320517456,
        "pearson": 0.39905821943235054,
        "rmse": 2.478613272028117,
        "r2": 0.15225606928073665,
        "train_spearman": 0.7227763145762797,
        "train_rmse": 1.5249322997655297,
        "gap_spearman": 0.4658625513711051,
        "gap_rmse": 0.9536809722625874,
        "fold": 1
      },
      {
        "spearman": 0.12116594774471942,
        "pearson": 0.42968499305138635,
        "rmse": 2.3348871340748376,
        "r2": 0.17433075102658246,
        "train_spearman": 0.7441920229634817,
        "train_rmse": 1.4749859569762578,
        "gap_spearman": 0.6230260752187623,
        "gap_rmse": 0.8599011770985798,
        "fold": 2
      },
      {
        "spearman": 0.2262137641380474,
        "pearson": 0.44389696658575317,
        "rmse": 2.452756316203554,
        "r2": 0.16968458202842884,
        "train_spearman": 0.74154360377735,
        "train_rmse": 1.5135703210589764,
        "gap_spearman": 0.5153298396393026,
        "gap_rmse": 0.9391859951445776,
        "fold": 3
      },
      {
        "spearman": 0.354045265917997,
        "pearson": 0.3787643428462554,
        "rmse": 2.1053102953701948,
        "r2": 0.12615862093342944,
        "train_spearman": 0.72742540197133,
        "train_rmse": 1.556563816726774,
        "gap_spearman": 0.373380136053333,
        "gap_rmse": 0.5487464786434209,
        "fold": 4
      }
    ],
    "4_XGBoost": [
      {
        "spearman": 0.4320900151263067,
        "pearson": 0.4974930220350077,
        "rmse": 2.4838377414224992,