{
  "evaluation_type": "GroupKFold (by canonical_drug_id)",
  "n_splits": 5,
  "cv_samples": 5092,
  "unique_drugs": 242,
  "v3_baseline": {
    "model": "CatBoost-Full",
    "groupkfold_spearman": 0.559
  },
  "v4_results": {
    "CatBoost-Full": {
      "mean_spearman": 0.858296058676717,
      "std_spearman": 0.007077968214886253,
      "mean_rmse": 1.1462554741185333,
      "fold_spearman": [
        0.8647330725106379,
        0.8549577740072694,
        0.8686551233428529,
        0.8514213014316963,
        0.8517130220911289
      ],
      "fold_rmse": [
        1.161095416757672,
        1.159360456586533,
        1.061717270765485,
        1.1746316488430801,
        1.1744725776398963
      ]
    },
    "CatBoost-Drug": {
      "mean_spearman": 0.8604100517031025,
      "std_spearman": 0.008407652884254182,
      "mean_rmse": 1.137109380196052,
      "fold_spearman": [
        0.8640467810570748,
        0.8607502678277511,
        0.8735077404857324,
        0.8484977850409541,
        0.8552476841040002
      ],
      "fold_rmse": [
        1.156635611418522,
        1.1448643566894365,
        1.0480042985661189,
        1.1902474904464497,
        1.1457951438597331
      ]
    },
    "Bilinear-v2": {
      "mean_spearman": 0.8259790022536986,
      "std_spearman": 0.013807925660926259,
      "mean_rmse": 1.4446783748554584,
      "fold_spearman": [
        0.8226336109252922,
        0.8112361221859778,
        0.8521874473883375,
        0.8203538766772906,
        0.8234839540915948
      ],
      "fold_rmse": [
        1.4542359638183058,
        1.5109659290437387,
        1.2865670815509616,
        1.4539013272500685,
        1.517721572614217
      ]
    },
    "Drug+Bilinear (Weighted)": {
      "mean_spearman": 0.8586550242967226,
      "std_spearman": 0.00969540378653278,
      "mean_rmse": 1.1947770663856419,
      "fold_spearman": [
        0.8573997903603924,
        0.8544583552017851,
        0.877441436672721,
        0.8498684808876776,
        0.8541070583610372
      ],
      "fold_rmse": [
        1.2145303787303172,
        1.2249406243364689,
        1.071225272507749,
        1.2272696919768598,
        1.2359193643768147
      ]
    }
  },
  "weights": {
    "drug": 0.5102473262767873,
    "bilinear": 0.4897526737232127
  },
  "key_findings": {
    "drug_bilinear_better_than_v3": true,
    "drug_bilinear_vs_v3": 0.2996550242967225,
    "bilinear_better_than_drug": false,
    "bilinear_vs_drug": -0.034431049449403894
  }
}